metab_id,Metabolite,D1T0,D2T0,D3T0,D4T0,D1T1A,D1T2A,D1T3A,D1T4A,D1T5A,D1T1C,D1T2C,D1T3C,D1T4C,D1T5C,D1T1B,D1T2B,D1T3B,D1T4B,D1T5B,D2T1A,D2T2A,D2T3A,D2T4A,D2T5A,D2T1C,D2T2C,D2T3C,D2T4C,D2T5C,D2T1B,D2T2B,D2T3B,D2T4B,D2T5B,D3T1A,D3T2A,D3T3A,D3T4A,D3T5A,D3T1C,D3T2C,D3T3C,D3T4C,D3T5C,D3T1B,D3T2B,D3T3B,D3T4B,D3T5B,D4T1A,D4T2A,D4T3A,D4T4A,D4T5A,D4T1C,D4T2C,D4T3C,D4T4C,D4T5C,D4T1B,D4T2B,D4T3B,D4T4B,D4T5B,D1T6A,D1T6C,D1T6B,D2T6A,D2T6C,D2T6B,D3T6A,D3T6C,D3T6B,D4T6A,D4T6C,D4T6B
metab_454,Creatinine,5.560820706,5.547183175,5.604480767,5.5583015,5.561770771,5.584375448,5.591735233,5.699725094,5.862718696,5.512956196,5.555232139,5.590347866,5.692726791,5.777536925,5.638490393,5.649549729,5.638266111,5.704811248,5.682613987,5.607019065,5.623219983,5.675400618,5.890304987,6.025984122,5.581942922,5.609528359,5.658937143,5.765623293,5.954548375,5.663713461,5.607916129,5.698363156,5.676461809,5.722005828,5.714544329,5.699923868,5.70589958,5.840553776,5.925531975,5.632802652,5.686555738,5.730548448,5.811048607,5.990425126,5.718911741,5.703504426,5.727688302,5.755144526,5.804727534,5.690445297,5.70141702,5.738011661,5.853070037,5.959265436,5.642556431,5.625367067,5.732190972,5.910787138,6.043268185,5.69716108,5.698670148,5.674332593,5.755365311,5.873928214,5.971678541,6.050518203,5.776871532,6.190372744,6.229025941,5.819304684,6.202668711,6.127917427,5.866773423,6.099048549,6.237597885,5.85159033
metab_801,Ile-Gln,3.560923714,3.368989857,3.226729792,3.219119226,5.823675749,5.880677739,5.896556995,6.172054967,6.144409831,6.058363098,5.962716911,6.016867716,6.242911074,6.09476161,5.542635013,5.556961202,5.585660614,5.524859505,5.419009318,5.700113186,5.976469806,5.939950736,6.128661439,5.96021489,5.546630413,6.031363245,6.09493355,6.371059054,5.946499596,5.449710226,5.201344447,5.378939347,5.186792058,5.154669781,5.671955986,5.75768925,5.576953229,6.038069045,5.65354791,5.887611215,6.049405658,5.811755381,6.142149049,5.804379811,5.335295266,5.597668755,5.547276477,5.464372787,5.413533581,5.453739052,5.678286378,5.609695835,5.982417037,6.179101435,5.980852218,5.956356904,6.106249641,5.920233355,5.995000768,5.376444209,5.384414616,5.357165361,5.347952562,4.771705199,5.901846003,5.836740452,5.30982393,5.761971393,5.68156859,5.057459939,5.564834146,5.66150415,5.33098429,5.910998419,5.764781646,5.273506641
metab_1348,2-[carboxymethyl(methyl)amino]-5-methoxybenzoic acid,2.170596918,2.19604613,2.164205394,2.156642904,2.234522754,2.205912322,2.937906156,4.583040196,4.932786941,2.193494927,2.200165838,2.201590128,3.402530635,3.995493501,2.199391361,2.793742576,2.197074842,2.22803844,3.969138179,2.255577047,2.204619898,2.210930713,4.599559381,4.777209273,2.194147332,2.200193245,2.188153294,2.972391836,4.29642953,2.222001285,2.192466947,2.910607741,3.250857574,4.145819523,2.943823766,2.239818923,3.084207127,4.714737549,4.574089451,2.217826343,2.206923532,2.245209912,4.040502352,4.34142397,2.174943638,2.206208617,2.199129379,3.755171242,4.167380124,2.223455466,2.217145556,3.362416094,4.496819666,4.796278363,2.187612389,2.200489757,2.990923062,3.034641112,4.0592853,2.241203598,2.834306731,2.213486378,3.837320521,4.34007883,5.12101654,4.462518153,4.412244574,5.08561411,4.785356861,4.588646589,5.204277822,4.55210482,4.501119444,5.126563179,4.375518805,4.589437276
metab_1564,Peramine,0.766748425,0.788088277,0.761420999,0.755134507,0.820725252,2.620387738,0.788861232,3.765143885,4.310697972,0.785939966,0.791561585,2.633579536,0.720409288,4.038471943,0.790908233,0.803791231,0.788955095,2.812100792,3.965423002,0.838765883,0.795322581,3.257667995,4.23867828,4.447910123,0.786489152,0.791584709,3.63014025,3.961194611,4.073601088,0.810056192,0.785074891,2.321464613,3.00727334,3.948117524,2.235828485,0.825251521,2.233495334,4.194937605,3.886195816,0.806509059,0.797270112,2.24367322,3.097765954,4.471417302,0.770378907,0.796665539,0.790687264,2.407269369,3.472215023,0.811292902,0.805931133,0.78695924,3.89624446,4.266872738,0.780994038,0.791834899,0.779380331,4.130448482,4.375443626,0.826436227,0.794227014,0.802827172,0.803881506,0.790914531,4.543227464,4.306568963,4.195953095,4.877937006,4.833597425,4.199480771,4.80465197,4.748692837,4.073519186,4.484218758,4.762750445,4.092716304
metab_1574,N-fructosyl isoleucine,3.475865007,3.977026372,3.771912466,3.404875821,6.084266495,6.305487356,6.538125767,6.958249049,7.129807206,5.789922958,6.17306133,6.47305377,6.757859751,7.037803955,5.663421504,6.032259644,6.364467723,6.828382152,6.997894335,6.0114722,6.609633554,6.756606296,7.242323308,7.219272448,5.589124568,6.515795096,6.801465853,7.033659569,7.080523798,5.86712843,5.948140813,6.442792627,6.674637457,6.91897505,6.168311012,6.431761675,6.238389696,7.048671542,6.897892153,5.737148215,6.366156064,6.303919515,6.738370243,7.296447764,5.411607369,6.011292106,6.185965425,6.634463538,6.876302251,5.98872233,6.250735598,6.5457496,6.883384656,7.140921853,5.833479677,6.317129117,6.554119725,6.901898095,7.230026024,5.506010202,5.790693658,6.187945587,6.620166795,6.554065044,7.27251616,7.261341199,7.162785592,7.550661973,7.613355675,7.078936066,7.565961306,7.454532268,6.996153942,7.282119055,7.455856034,6.960383073
metab_12529,Pro-Leu,4.468560464,4.486185957,4.524785073,4.541957128,4.494628485,4.562110224,4.597398727,4.699969424,4.850319298,4.886259736,4.913911593,4.995676225,5.170569074,5.293090286,5.001277699,4.947182652,4.872074838,4.853034243,4.829467721,4.922605088,4.975048965,5.005113453,5.0990899,5.138138909,5.036076829,5.090764881,5.168582825,5.256115828,5.279343242,5.079689313,5.045672596,4.992678296,5.001843367,4.981257392,4.993266936,4.995788897,5.002201652,5.012959686,5.018631044,4.997749368,5.130863536,5.150025345,5.160957104,5.319035573,5.104894718,5.033739541,5.027439904,5.040171479,4.985174211,4.960781696,4.940888164,4.915610473,4.954250359,5.0910591,5.140792939,5.168305399,5.156447034,5.314407474,5.338216205,5.142645262,5.118033491,5.095945497,5.082429421,5.04140225,5.158133773,5.363776868,5.17015985,5.289794229,5.387307528,5.252495164,5.309863645,5.395985618,5.295635326,5.360583872,5.36979502,5.241325466
metab_12572,"3-Chloro-4,4-dimethyl-2-oxazolidinone",4.88680401,4.950417704,4.941999527,4.885039684,5.089778428,5.086003618,5.152813167,5.161344156,5.161165867,4.929528275,4.898457567,4.957315442,4.958618116,5.031510072,4.981720103,4.958929913,4.97949497,5.050746295,5.05252044,5.175534357,5.087293746,5.205674196,5.226699879,5.291126149,5.108376585,4.947790111,4.963215701,5.014199301,5.167118829,5.03283366,5.069209209,5.037748782,5.151214825,5.136447575,5.091305748,5.125442719,5.248949377,5.17965642,5.313461187,5.005675677,4.978268574,5.142981438,5.075936071,5.104020438,5.083858548,5.039644034,5.057137344,5.196898169,5.238588714,5.146428275,5.132691197,5.183619946,5.242478944,5.254627387,5.006199569,4.959607482,5.013430022,5.119339028,5.105641259,5.114539717,5.054525849,5.086428567,5.115806111,5.16812471,5.242367478,5.209099556,5.180454641,5.275914729,5.308040903,5.283532379,5.265750239,5.282784486,5.267027821,5.302265579,5.24000755,5.143958874
metab_13043,GPSer(22:5/18:2),4.926943202,5.685700864,4.527888901,4.915557007,3.787958972,5.468900321,5.389457799,5.399141489,5.363165452,5.183204303,5.022359044,5.421028432,5.451798047,5.414140215,3.746854595,5.4572139,5.550219382,5.373278542,5.368403001,4.513523827,5.446329799,5.609263675,5.629496303,5.622364318,5.822951161,5.407398617,4.981920937,5.655135314,5.790275307,4.088789285,5.236647725,5.645297804,5.506666004,5.689482902,4.236340554,5.219566568,5.550755458,5.536142725,5.415606931,5.378858043,4.455065788,5.575117407,5.600554201,5.336061571,4.756839055,5.20109481,5.382723977,5.379487563,5.274070036,4.542280854,5.588003007,5.543581634,5.660221885,5.508573754,5.392219379,5.276984188,5.592915644,5.539128218,5.512213842,4.040661194,5.533440016,5.513993796,5.443754614,5.647119094,3.696920467,3.675157174,4.759488019,5.222475207,5.00690517,5.590890481,4.716385477,5.542527031,5.157598793,5.085373119,5.165598711,5.117107309
metab_23543,"4-(3,4-dimethylphenyl)-1-thia-4-azaspiro[4.5]decan-3-one",4.972157616,4.932711247,4.903654546,4.708759559,5.678170555,5.90764738,6.135137974,6.613468252,6.818928289,5.418257778,5.786365457,6.064002978,6.380849114,6.698813014,5.35994824,5.649332703,5.951876413,6.442818169,6.646968035,5.528391233,6.176344161,6.308840408,6.876569943,6.890292692,5.045176732,6.073270909,6.365132128,6.651972747,6.729708478,5.435911539,5.469354911,5.986994548,6.243443182,6.512435435,5.786883097,6.047584322,5.843720574,6.705868046,6.57908634,5.314627204,5.976491313,5.875198851,6.379799873,6.966850096,5.21253749,5.668694426,5.820770774,6.244546588,6.505746522,5.596128602,5.839614099,6.149006383,6.538074063,6.821235599,5.472944148,5.903361916,6.165597551,6.557304202,6.914209393,5.146761754,5.33891733,5.788015813,6.226161575,6.151751614,6.987184016,6.955710038,6.840238894,7.27282811,7.319881876,6.70967842,7.281829665,7.150427653,6.647546296,6.983703313,7.168351508,6.619893347
metab_24329,(-)-Neplanocin A,2.193227573,2.218685316,2.186833827,2.179268665,2.257173925,2.228554684,2.219602952,4.520569371,4.909118651,2.216133281,3.369538489,2.224231108,3.764612146,4.684096784,3.452580998,2.237268488,4.072684761,4.507863057,4.762229728,2.27823434,3.737947167,4.090838911,4.900077008,5.07272497,2.216785898,2.222833775,3.998926273,4.206681587,4.917142861,2.244648672,2.215104963,4.124742864,4.595380375,4.885816577,2.252959889,2.262471662,3.290554538,4.677093242,4.854016585,2.240472443,2.229566214,2.267864228,4.069661343,4.99453537,2.197575786,3.402280891,3.747480579,4.451761844,4.861254597,2.246103298,2.239791446,3.378450676,4.467380656,4.860350631,2.210248804,2.223130382,3.489855676,4.347006793,4.863482053,2.263856743,2.225964712,2.236131128,4.245605816,4.209036131,5.071653775,5.071496264,5.076397296,5.369293354,5.405374785,5.011237263,5.35582702,5.339840014,5.164894379,5.07277079,5.152666297,4.820743428
metab_24628,Glu-Gln,4.128034789,4.555527593,4.947956979,4.725271427,5.474943655,4.851342041,4.449109246,4.70481353,4.975914978,5.792815624,5.596189999,5.356320306,4.459955818,4.767344695,5.020018072,5.098219445,5.133496492,5.180516942,5.151511172,5.958663237,5.569780247,5.210121869,4.931448693,5.026450331,5.64449696,5.887765083,5.589175712,4.76635823,5.025771043,5.443201623,5.605288788,5.460642647,5.540612548,5.607474361,5.616496567,5.213045626,4.503337291,4.517463756,4.897689342,5.852285532,5.815720502,5.262164303,4.933320215,4.896996457,5.360350288,5.372815401,5.363691651,5.435240515,5.411244116,5.354315383,4.588206167,4.477345598,4.876199587,5.141524212,5.796794475,5.728926576,5.467836898,4.962880916,4.633016733,5.427040706,5.187501376,5.533959974,5.311015694,4.790681073,5.318394115,5.151309852,5.077786088,5.292724586,5.128113403,5.544353944,5.145180121,5.200205726,5.481521195,5.447795039,4.991142451,5.425680555
metab_26866,Acetylhomoserine,4.598828196,4.777083727,4.732227368,4.75291035,4.786668154,4.863242557,4.945439103,5.102306023,5.202035398,4.741569356,4.86849106,4.900054154,5.026829027,5.187082512,4.641826418,4.700794382,4.808976237,5.012199827,5.11717535,4.855903052,5.10165748,5.192779754,5.439734751,5.474357434,4.809896751,5.075016725,5.198078774,5.309825999,5.395343057,4.857012218,4.856823284,5.041317583,5.187816892,5.349116792,4.930587742,5.011905874,4.960711794,5.288676492,5.273079932,4.796231044,4.993406498,4.987616939,5.13155018,5.457362244,4.749420527,4.83946653,4.946549495,5.168668766,5.325381644,4.938984231,5.053996651,5.181054673,5.343401711,5.377797958,4.894820204,4.981447909,5.12354255,5.288069116,5.472940674,4.809356938,4.889981759,5.042183122,5.301602146,5.383423023,5.282893753,5.473107674,5.239893893,5.601807749,5.704707067,5.518636344,5.473878818,5.583053098,5.486377674,5.46400096,5.616229747,5.602681997
metab_29132,1-(2-furylmethyl)-5-oxopyrrolidine-3-carboxylic acid,3.835078529,3.952631333,3.92799862,3.868730152,3.964435495,4.24714784,4.363199646,4.751114532,5.001756196,4.282102397,4.872440862,5.009414462,5.177543819,5.249447755,4.221352054,4.418838181,4.635738342,5.016490213,5.230047033,3.885383149,4.166860415,4.321162568,4.705894599,4.775432051,4.08006488,4.67724404,4.89751364,4.906476251,4.966193429,4.131691307,4.182600003,4.461986657,4.79431126,5.097796315,4.028213405,4.263719963,4.33468197,4.8948106,4.771076697,4.29820792,4.903300664,4.848835667,5.095216003,5.290035864,3.978572684,4.315263047,4.358483432,4.879421427,5.199445455,4.015578075,4.178005975,4.283043019,4.669613896,4.991096898,4.164905284,4.64218958,4.826580175,4.828880609,4.970797267,3.878140981,4.132243832,4.213956417,4.65535163,4.769197348,5.289003735,5.452139352,5.507293569,5.011343855,5.202017688,5.392983832,5.184849452,5.324403442,5.471318617,5.368361458,5.085027507,5.314354016
metab_30760,Urotensin-related peptide,3.010484651,3.360739191,3.024795989,3.429007985,3.532099094,4.420894685,4.993953054,5.198006999,4.874700167,4.392964098,4.769206121,5.064434161,4.606111646,4.615925172,3.05961933,3.093050256,3.018456989,3.334328168,3.14652631,3.049264524,4.690739616,5.048225897,5.483020258,5.071368194,3.531301014,4.726532632,5.192806969,4.464851206,4.087618065,3.026055251,3.026470975,3.022068378,3.030618978,3.040361571,3.754114652,4.78458502,4.671404633,5.478388515,4.979582626,4.25345299,4.659624444,4.845854293,4.393424199,4.923860385,3.299129035,3.006482305,3.0149596,3.05666515,3.061485644,4.221449833,4.961336493,5.186841066,5.571597612,5.512763569,4.828591482,4.790424262,5.373601029,4.882519233,4.601160947,3.52579671,3.695286022,3.120479162,3.276720849,3.020159917,4.067713677,3.92112932,3.049131164,4.600717012,4.400230946,3.043155949,4.476821992,3.718862281,3.064485116,4.681429631,4.298290885,4.005134139
metab_30812,Pectenotoxin 7,2.178614246,2.216441242,2.192845931,2.155853821,2.221281201,3.199789883,3.397173702,5.384383656,5.79392852,3.087697711,2.21588794,4.272934285,5.95656131,5.902178273,3.42126253,2.935359432,3.098104748,2.752639897,3.173787393,2.669407922,2.20447432,3.310325729,4.658289359,4.782730855,4.212135201,3.274722029,2.203177582,5.3504907,4.885118522,3.572660029,3.73633724,2.609529977,3.652552116,3.874065902,2.397090973,2.212077104,3.909708945,5.241190979,4.714266284,2.210095161,2.20642018,2.927269883,5.261371684,5.466029719,3.819621829,2.16500263,3.957957174,3.10383471,4.296153556,3.791701698,2.915431763,4.268844832,4.551485029,5.531867155,2.178628943,2.971933336,3.843343361,5.657044086,5.683920426,4.047231603,3.686584726,2.178316374,2.818978217,5.07324378,5.662481543,4.925562086,3.131213057,5.170500818,4.88343908,4.292637799,5.197885295,4.600613638,3.352178131,5.342211892,5.332051017,4.087769136
metab_32394,N-Myristoyl Glutamic acid,5.078676329,5.179147471,5.089465143,5.049079239,5.15987603,5.167399494,5.172879824,5.155087103,5.067896266,5.13770112,5.069673358,5.181621312,5.07145089,5.145660557,5.057043682,5.086012562,5.130553505,5.239004984,5.187950901,5.209225066,5.026582618,5.116997258,5.147730728,5.098584306,5.17502656,5.075376184,5.090264168,5.138183605,5.263826293,5.116660971,5.191110677,5.058070053,5.169022499,5.095473087,5.039957576,5.112039396,5.134166705,5.125947127,5.187233414,5.074022252,5.068951731,5.228019916,5.146610989,5.096148851,5.170085204,5.084659325,5.088234079,5.211804891,5.227125472,5.062089269,5.021059161,5.093121923,5.081241969,5.136206183,5.067536093,5.100707416,5.1613707,5.133987482,4.989611908,5.112627531,5.098627279,5.083076973,5.105887738,5.166758081,5.196251836,5.192217488,5.189458829,5.203896338,5.231107081,5.191530091,5.194436177,5.221303971,5.163946427,5.256378794,5.150102792,5.156876736
metab_33148,St(24:1_o3_s),1.23603024,1.271977091,1.249536239,1.214478273,3.250041932,3.640568628,3.905658078,4.134991934,4.203538854,1.251226798,2.063121409,3.516611919,4.562735998,4.847298847,1.227801402,1.23447223,3.27219664,4.04587903,4.213164933,1.272684643,2.805014671,2.943676041,3.701924201,3.628701252,1.232131901,1.592373553,2.799177766,3.855555291,3.642066728,1.250725831,1.251118596,1.246960192,3.688927531,3.996617812,1.267378892,2.863619713,3.078381777,4.117822758,3.389745555,3.028012285,2.571442383,1.279483618,4.040182419,4.993883004,1.254518049,1.22313411,2.180033627,4.254223649,4.477901888,1.249097774,3.117999296,3.924912772,4.215804363,3.935782632,1.236044175,2.178207176,2.549344225,4.445025631,4.742051856,1.230544204,1.239101332,2.246157848,3.865613427,4.34348975,4.843179613,5.356782864,4.22631461,4.406774854,5.060275415,4.345889238,4.759584337,5.104203907,4.491857866,4.436537137,5.191443463,4.58199008
metab_33556,3-Coumaric acid,4.635920195,4.11857559,5.036924642,2.929537315,4.1590161,4.493738901,4.707137489,4.836868867,4.311269298,4.204567291,4.361716467,4.589590433,4.607003252,3.852431072,3.26173679,3.434841747,3.494911669,3.878977753,3.758261859,3.30921569,4.161672124,4.343164799,4.450843328,3.988700235,3.166083849,3.944765941,4.24449715,4.153678531,3.742931389,2.565425697,2.42323226,3.280347905,3.367281758,3.44242182,3.774273231,4.116692075,4.105822147,4.2934481,3.500891436,3.522697106,3.993411505,3.857906992,4.396587925,4.147722483,2.917044605,3.201426095,2.914358632,3.148760924,2.292339628,3.515352561,3.923469675,4.209627276,4.522407058,4.339670325,3.607989816,3.694755079,4.180100006,3.892247628,3.892975222,2.782320289,2.669493913,3.349257731,3.586935265,2.251197549,3.61852581,3.899964403,3.290597192,2.966923005,3.433716695,2.872450083,3.018636462,3.48557341,2.295326436,3.136327183,3.517860242,3.505102057
metab_33919,"(3R,4Z,6R,7S)-3,6-Dihydroxy-7-isopropyl-4-methyl-10-methylene-4-cyclodecen-1-one",2.99060906,3.643595016,3.230088312,3.342364019,3.783368176,3.327610011,3.735401887,3.569771877,3.985032261,3.802725173,3.592913476,3.824844158,3.622714628,4.123366928,3.666258067,3.602107582,3.519696616,3.867032652,4.200954732,3.606873073,3.400063738,3.481457369,3.521844195,3.616763632,3.757524305,3.164083573,3.81061746,3.816749423,4.087740186,3.016008764,3.678521251,3.271079886,3.87835538,4.334483924,2.87380715,3.215323366,3.468318144,3.446549284,4.019850931,3.374853999,3.362385632,4.154885216,3.735382888,3.988569116,3.514459761,3.383251377,3.287691828,3.925719086,4.375777684,3.096725425,3.593350796,3.927420014,3.762262759,4.261244049,3.235170885,3.555466853,3.142099186,3.96494941,3.637918828,3.713562238,3.269233072,3.465540694,3.586099553,4.205905328,4.513184963,4.013234448,4.450343849,4.528751433,4.12597509,4.8855895,4.43947414,4.283436237,4.667570849,4.772777554,3.864613499,4.582996442
metab_34571,3-hydroxytridecanoyl carnitine,0.135134502,0.145645403,0.139011584,0.129124079,2.996781546,0.143920885,3.10097383,3.527460649,4.505636583,3.28508706,4.67280076,4.90919369,4.90582898,5.242046312,4.016285602,4.605518837,4.877959805,5.204585905,5.527667128,0.145858506,0.142248528,0.147384761,3.439220729,4.434190514,0.134031361,4.530032413,5.070336474,5.02384877,4.944305627,3.956747707,4.443367873,4.768335512,5.062752274,5.32136409,3.01184471,3.270692451,0.132057269,3.323088318,4.115324846,0.143835687,4.955118393,4.818953839,4.784426765,5.507480246,3.588454871,4.719313184,4.82130577,5.158227334,5.493700413,0.138884364,2.929009793,3.562879876,3.722222206,4.665379988,3.711881885,5.053489954,5.23111982,5.323066384,5.585092659,3.507458016,4.819521834,5.014893982,5.436701792,4.905875445,5.034166105,5.369260311,5.564239466,5.309935982,5.534770752,5.395457875,5.315528718,5.644393778,5.388277808,5.357321921,5.648173936,6.050327726
metab_36290,"3alpha,7alpha-Dihydroxycoprostanic acid",3.998086423,3.892390266,4.099440779,3.673313498,3.985613665,4.127696472,4.140049608,4.022365025,4.124835394,3.804869296,4.121025358,3.973966701,4.319620642,4.765719773,3.868697298,4.102846752,3.968034575,4.433411178,4.997833969,3.987864933,4.268690025,3.874248521,3.645697189,4.170869138,4.300937723,3.665687113,4.197564741,4.042119977,4.284258788,3.992462927,4.202664262,3.932122921,4.576311759,5.134790708,3.940644319,3.94302247,4.397746932,3.685099519,4.025154069,3.761269302,3.909651541,4.108447683,4.513706224,5.428374658,4.097383697,3.775695653,4.008770159,4.576106548,5.191190891,3.99651585,3.836091613,3.65552,3.920835543,3.521094498,4.097255369,3.735748142,4.201575045,4.928048187,5.12836491,3.849363941,4.190484978,4.182066898,4.847247627,4.68476426,5.236924562,5.287951511,5.264906485,4.859843407,5.199211785,5.391286709,4.781905281,5.693140252,5.320987375,5.166559428,5.281142043,5.78177057
metab_36615,GPSer(18:1/18:0),5.542386548,6.539616443,5.627149559,4.68119226,3.82374159,6.342869466,6.329232662,6.365570085,6.423717823,6.176156413,6.075225393,6.429745315,6.469320955,6.519667585,5.24371554,6.314359259,6.383801527,6.437494389,6.361327856,5.249610095,6.383142606,6.549513546,6.676547116,6.627923119,6.823012391,6.484773937,6.011026459,6.56706703,6.825355024,5.39874273,6.384918334,6.684604449,6.586238315,6.855893348,5.60793523,6.440900945,6.666094588,6.512264426,6.200837379,6.326531191,5.614851201,6.468042253,6.609454512,6.286360946,5.683311323,6.305771416,6.398035225,6.619416531,6.497368551,5.316389037,6.288241772,6.615466714,6.603155287,6.443714315,6.36679789,6.126045058,6.600614569,6.489842054,6.565130964,5.622057001,6.374341801,6.507007481,6.486228577,6.734358552,3.351372739,3.317097334,5.747163683,6.311220763,6.249322314,6.415006634,5.36753985,6.342735188,6.182102669,6.35310895,6.390865546,5.846128683
metab_37100,Cepanone,3.873950171,3.999762452,3.902508598,3.861695511,4.141820936,3.972684251,4.16780268,4.358703585,4.641285843,4.071321687,3.928296678,4.208348608,4.385364898,4.516387729,3.758561755,3.862903467,4.024655479,4.278408975,4.405196169,4.078239683,3.944770329,4.047145995,4.214970457,4.334679724,4.054865611,3.803065674,3.947235386,4.325086682,4.398584781,3.857045593,4.044995616,3.958627561,4.341261836,4.416662172,3.939026961,3.950444412,4.040639657,4.223278602,4.513085862,3.851243663,4.06146092,4.332575582,4.553768617,4.897659024,4.03076066,4.026434642,4.08523937,4.526070471,4.737400744,3.900937809,4.01623155,4.262615433,4.31443986,4.603102708,3.636443013,3.946711553,3.915679529,4.475389143,4.388412723,4.11208555,3.721630547,4.088116991,4.159534733,4.382751301,5.020418394,4.51188883,4.518979249,4.876630054,4.533908969,4.775450123,5.217453742,4.922808725,4.844720194,4.910054613,4.451736642,4.573588577
metab_37383,DNOC,3.308736743,3.714685763,3.359719317,3.479119637,3.777351503,4.006205988,4.10616993,4.353118804,4.566616199,4.24974185,4.478306008,4.557661731,4.834331451,5.188640743,3.867846736,4.027355426,4.288862286,4.650167506,4.830613293,3.874105355,3.702005694,3.883712293,4.217808783,4.372798501,4.284472425,4.492005952,4.551226742,4.848405189,5.274578839,4.043814327,4.104280331,4.347351923,4.59227269,4.75675371,3.88329978,3.909592228,3.960081651,4.112088473,4.397844372,4.183155135,4.378508899,4.550413647,4.870767337,5.246257396,3.977114871,3.991428012,4.176911957,4.572842609,4.691876061,3.652071166,3.906336729,4.115456008,4.427045083,4.726205749,4.227034033,4.3977262,4.542175059,4.820071463,5.27691409,3.909490426,4.080805619,4.16227598,4.52641402,4.59210655,4.775784692,5.779400478,5.026726442,4.572855922,5.74729408,4.882537493,4.552306521,5.670299691,4.844665678,4.922755263,5.744407772,4.885180554
metab_37395,Traumatic acid,3.995950753,4.352203942,4.190025439,3.94502215,4.462798141,4.320360963,4.41879034,4.666755836,5.016006527,4.297921753,4.328331276,4.68500306,4.885269213,5.018085306,4.056851661,4.364893759,4.406147018,4.636991527,4.701379886,4.400394963,4.394933751,4.473960277,4.583719564,4.731932329,4.410409033,4.292109059,4.434517073,4.825094902,4.798844564,4.283786375,4.456748877,4.328545994,4.64110308,4.588638486,4.186853028,4.285419222,4.421077486,4.619935196,4.837875538,4.288440356,4.620423176,4.842213819,5.106537563,5.43434855,4.402064344,4.354271451,4.394577439,4.887129726,5.06969415,4.186277789,4.330896687,4.506030203,4.654499776,5.02712914,3.958324984,4.318641802,4.450263014,5.006478065,4.909742184,4.279773808,4.12087464,4.288487913,4.467306812,4.476268069,5.430736158,4.978142765,4.79407843,5.172845952,4.955344812,4.919513967,5.487611295,5.366183137,5.141487794,5.384482605,4.865291207,4.86004366
metab_37792,(S)-[8]-Gingerol,6.746411898,6.6559014,6.683874304,6.891354428,6.5536591,6.263222115,5.755889175,4.19641119,3.386994833,6.584365572,6.3249521,5.752527018,4.08756406,3.185554809,6.632087811,6.617069315,6.584510512,6.288708414,6.125019733,6.090621637,6.214697005,5.781640677,4.287068971,2.843117455,5.940815211,6.241694264,5.857870838,4.207875553,1.988436142,6.591781096,6.256193234,6.484086532,6.03933547,5.99427806,6.444063522,6.183924939,5.502498417,4.379143469,2.931653887,6.253944391,6.264721052,5.544222733,3.946577443,3.748278948,6.305498649,6.502533401,6.456034899,6.133846918,6.016574613,6.542709275,6.304954335,6.174696251,4.394127795,3.62918846,6.680088367,6.301169136,5.911647543,4.381623046,3.541847649,6.701617548,6.657334487,6.618231567,6.381541216,6.465516461,3.493092657,3.332051692,5.887271268,3.485035902,3.218264078,5.890763766,2.820288918,3.155573062,5.732640008,3.487200213,1.972701116,6.062195513
metab_39711,N-Acetyl-D-alloisoleucine,3.099911231,3.375057525,3.004508752,3.347447292,4.372045701,4.508013,4.596437573,4.823552524,4.944737823,4.10876333,4.37375584,4.474850353,4.655597927,4.821732136,4.159170851,4.359539182,4.637535772,4.931295037,5.029980394,3.717549791,4.217524863,4.245276441,4.565360525,4.477268131,3.46918263,4.126023502,4.295235034,4.470369217,4.333734687,3.748252428,3.790441866,4.105005496,4.311730263,4.590723984,4.323655411,4.507854728,4.151266916,4.738572198,4.392281065,3.939774353,4.200136159,4.056223954,4.262436896,4.670844554,3.672734517,4.028601507,4.082993357,4.431809909,4.655297094,3.91746231,4.125545683,4.302198011,4.494406643,4.692296588,3.888452809,4.169659159,4.291518137,4.40029113,4.569484141,3.471385967,3.69389706,3.877605235,4.255037532,4.223149995,5.056521833,4.998514391,5.14806065,4.83996837,4.818007674,4.784104988,4.901462975,4.771197234,4.823244355,4.98902658,4.811606627,4.806945673
metab_41538,Fructosylvaline,0.271767399,2.313075684,2.182552602,2.447293092,2.670516966,2.93426157,3.032269584,3.157333497,3.548080487,2.912281547,3.02936444,2.953682386,2.890830514,3.087131479,2.655391633,2.843557054,3.140546635,3.635644119,3.891496033,2.418938577,2.847940625,0.292859656,2.503037747,3.153080654,2.166478248,2.318245378,2.940133378,3.043366007,3.174123728,0.279086633,2.877396525,2.329691033,2.996806698,3.350994571,2.415510815,2.791823344,2.486410077,3.139993105,2.735484302,2.853644333,2.940689032,2.396029161,2.921170104,3.589669761,0.28099555,1.930417215,2.65382665,2.954818869,3.273926108,2.054394249,0.28121003,2.810623796,2.927016505,3.182456351,2.027608222,2.564734978,2.258146837,3.075876584,3.024647569,2.576071849,2.268084536,2.309718722,2.795036374,2.66138707,3.794282714,3.407017623,4.135085123,3.272874604,3.529720822,3.497389933,3.54805987,3.628855803,3.281286174,3.740544731,3.282890625,3.295920371
metab_41756,Dibenzo-P-dioxin,3.612129731,2.847782552,3.216118055,3.281666101,3.270528753,3.157815698,3.263118054,4.283510367,5.099983016,2.774219699,3.319629164,2.667821749,3.642001883,4.874122987,2.806868345,3.45991483,3.55523193,3.662538532,4.225006989,2.744413867,1.568014474,2.983518211,3.803318366,4.199091642,2.599439592,3.01377579,2.579951489,2.968098304,1.991069639,2.316957695,3.092153757,2.757820852,2.955233695,3.610480984,3.163384236,3.627726381,2.022203917,4.433826922,4.286056414,2.744668849,3.061591442,3.138761902,3.182358402,3.713352799,1.964033607,2.67426186,3.214414011,3.707052011,4.188807341,2.858135268,2.989230523,2.800907571,3.587343771,4.467231422,2.728326129,3.30522798,2.940028616,1.633575056,3.391522977,1.537053127,2.236367429,2.503614226,3.56754481,2.99525433,5.433369266,5.214648548,4.649989727,4.787782376,4.141543568,4.273330124,4.98034949,4.131457682,4.70574879,5.005909507,4.371330206,4.326234258
metab_42269,Phenacemide,1.955526264,1.993190936,1.96969522,1.932870511,1.998011124,2.837894064,3.290800596,4.002271035,4.290397255,2.13445294,3.556706701,3.778031763,4.057075056,4.199598328,2.069179613,2.80101679,3.24317631,3.783761385,4.149582504,2.054159375,2.152948959,2.83679183,3.687178732,3.870400747,1.951432512,3.339772955,3.617968405,3.396635499,3.903095832,2.067736377,2.124436544,2.863908556,3.323517085,3.68142014,1.988381215,2.065433188,1.944035418,3.462099247,3.658841431,1.986871115,2.783997739,3.078138459,3.46692281,3.662652143,1.974916161,1.941976589,2.076494211,3.150582175,3.374861407,2.024841141,2.421941456,2.984119184,3.802037911,4.220473237,2.168752921,3.151818778,3.353875134,3.492398084,3.81457796,1.949764698,1.95875001,2.093527442,2.945505792,2.882944339,4.582605741,4.414861162,4.442120491,4.182989757,4.119108494,3.87795481,4.228480702,3.964212663,3.771726556,4.598345198,4.005712187,3.932163254
metab_44413,L-gulonolactone,3.091710447,2.942327256,3.335328758,3.386038342,3.554490163,3.731810515,3.735447087,3.808073519,4.067223628,3.358447856,3.56906107,3.721163232,3.74101889,3.934267937,3.101966074,3.432423058,3.604592409,3.777655153,3.898766727,3.14839989,3.726414157,3.79445068,4.052630334,4.101122203,2.825428238,3.451714953,3.743155128,3.795253267,3.617723362,2.960410789,2.846611447,3.458774079,3.736809643,3.840225675,3.703517242,3.943372673,3.66005298,3.957755496,3.803933626,3.354354143,3.772441572,3.640407427,3.703403957,4.176132353,3.425959288,3.597816987,3.589350715,3.907223123,4.124982897,3.44219064,3.765076015,3.898180965,3.737818978,4.01509908,3.380936369,3.381253148,3.674726841,3.718738536,3.927241893,3.053519846,3.151865179,3.152521982,3.826264424,3.951159559,4.365191887,4.208831855,3.944969144,4.557978277,4.422597541,4.10628503,4.497411819,4.336589495,4.552906204,4.270860092,4.226522323,4.01683847
